{
  "model_path": "runs/sac_source_adr_1000000_seed0/models/best_model.zip",
  "algo": "sac",
  "env_type": "target",
  "reward_type": "dense",
  "episodes": 50,
  "deterministic": true,
  "seed": 123,
  "mean_return": -0.4514445960521698,
  "std_return": 0.28039446473121643,
  "min_return": -0.9130449891090393,
  "max_return": -0.017179999500513077,
  "mean_length": 5.659999847412109,
  "success_rate": 1.0
}