{
  "model_path": "runs/sac_source_adr_1000000_seed0/models/best_model.zip",
  "algo": "sac",
  "env_type": "source",
  "reward_type": "dense",
  "episodes": 50,
  "deterministic": true,
  "seed": 123,
  "mean_return": -0.4123450517654419,
  "std_return": 0.2530387341976166,
  "min_return": -0.8580139875411987,
  "max_return": -0.017179999500513077,
  "mean_length": 5.199999809265137,
  "success_rate": 1.0
}