{
  "model_path": "runs/sac_source_udr_1000000_seed0/models/best_model.zip",
  "algo": "sac",
  "env_type": "source",
  "reward_type": "dense",
  "episodes": 50,
  "deterministic": true,
  "seed": 123,
  "mean_return": -0.3949243128299713,
  "std_return": 0.24608388543128967,
  "min_return": -0.8589919805526733,
  "max_return": -0.017180999740958214,
  "mean_length": 4.960000038146973,
  "success_rate": 1.0
}