{
  "model_path": "runs/sac_target_none_1000000_seed0/models/best_model.zip",
  "algo": "sac",
  "env_type": "target",
  "reward_type": "dense",
  "episodes": 50,
  "deterministic": true,
  "seed": 123,
  "mean_return": -0.37896692752838135,
  "std_return": 0.22505179047584534,
  "min_return": -0.7466369867324829,
  "max_return": -0.017184000462293625,
  "mean_length": 4.900000095367432,
  "success_rate": 1.0
}